<?xml version="1.0" encoding="UTF-8"?>
<GetItemResponse xmlns="urn:ebay:apis:eBLBaseComponents"><Timestamp>2025-06-05T21:37:56.983Z</Timestamp><Ack>Success</Ack><Version>1193</Version><Build>E1193_CORE_API_19146280_R1</Build><HardExpirationWarning>2025-06-06 05:15:57</HardExpirationWarning><Item><AutoPay>true</AutoPay><BuyerProtection>ItemIneligible</BuyerProtection><BuyItNowPrice currencyID="USD">0.0</BuyItNowPrice><Country>PK</Country><Currency>USD</Currency><Description>&lt;span style=&quot;font-size: 15px; font-family: Rubik, sans-serif;&quot;&gt;&amp;nbsp;&lt;b&gt;Item Description:&amp;nbsp;&amp;nbsp;&lt;/b&gt;&lt;/span&gt;&lt;br&gt;&lt;span style=&quot;font-size: 15px; font-family: Rubik, sans-serif;&quot;&gt;&amp;nbsp; &amp;nbsp; &amp;nbsp; &amp;nbsp; &amp;nbsp; &amp;nbsp; &amp;nbsp; &amp;nbsp; &amp;nbsp; &amp;nbsp; &amp;nbsp; &amp;nbsp;&lt;/span&gt;&lt;br&gt;&lt;span style=&quot;font-size: 15px; font-family: Rubik, sans-serif;&quot;&gt;•&amp;nbsp; &amp;nbsp; Design: The Peacock Blue Tapestry&lt;/span&gt;&lt;br&gt;&lt;span style=&quot;font-size: 15px; font-family: Rubik, sans-serif;&quot;&gt;•&amp;nbsp; &amp;nbsp; Usage: Tapestry, Wall Hanging, Bedding, Table Cover, Yoga Mat, etc.&amp;nbsp; &amp;nbsp;&lt;/span&gt;&lt;br&gt;&lt;span style=&quot;font-size: 15px; font-family: Rubik, sans-serif;&quot;&gt;•&amp;nbsp; &amp;nbsp; Fabric: 100% Cotton&lt;/span&gt;&lt;br&gt;&lt;font face=&quot;Rubik, sans-serif&quot;&gt;&lt;span style=&quot;font-size: 15px;&quot;&gt;•&amp;nbsp; &amp;nbsp; Poster Size: Medium 60*60 inches ( 150 x 150 cm), Large 79&lt;/span&gt;&lt;/font&gt;&lt;span style=&quot;font-family: Rubik, sans-serif; font-size: 15px;&quot;&gt;*60 inches ( 200 x 150 cm)&lt;/span&gt;&lt;br&gt;&lt;span style=&quot;font-size: 15px; font-family: Rubik, sans-serif;&quot;&gt;•&amp;nbsp; &amp;nbsp; Weight: 220 g approximately&lt;/span&gt;&lt;br&gt;&lt;span style=&quot;font-size: 15px; font-family: Rubik, sans-serif;&quot;&gt;&amp;nbsp; &amp;nbsp; &amp;nbsp; &amp;nbsp; &amp;nbsp; &amp;nbsp; &amp;nbsp; &amp;nbsp; &amp;nbsp; &amp;nbsp; &amp;nbsp; &amp;nbsp; &amp;nbsp; &amp;nbsp; &amp;nbsp; &amp;nbsp;&lt;/span&gt;&lt;br&gt;&lt;span style=&quot;font-size: 15px; font-family: Rubik, sans-serif;&quot;&gt;&amp;nbsp;&lt;b&gt;Product Description:&lt;/b&gt;&lt;/span&gt;&lt;br&gt;&lt;font face=&quot;Rubik, sans-serif&quot;&gt;&lt;span style=&quot;font-size: 15px;&quot;&gt;&lt;br&gt;&lt;/span&gt;&lt;/font&gt;&lt;span style=&quot;font-size: 15px; font-family: Rubik, sans-serif;&quot;&gt;•&amp;nbsp; &amp;nbsp; These Tapestries are screen printed in traditional Indian methods and take around a week to complete.&amp;nbsp;&amp;nbsp;&lt;/span&gt;&lt;br&gt;&lt;span style=&quot;font-size: 15px; font-family: Rubik, sans-serif;&quot;&gt;•&amp;nbsp; &amp;nbsp; Made from pure cotton, these tapestries are printed, not quilted or woven, embodying the essence of Indian hippie style.&lt;/span&gt;&lt;br&gt;&lt;span style=&quot;font-size: 15px; font-family: Rubik, sans-serif;&quot;&gt;•&amp;nbsp; &amp;nbsp; Sheet-thin with tight power loom weave, hemmed edges, and distinctive imperfections.&lt;/span&gt;&lt;br&gt;&lt;span style=&quot;font-size: 15px; font-family: Rubik, sans-serif;&quot;&gt;•&amp;nbsp; &amp;nbsp; In some cases what printers would call registration errors are intentionally included on the screen print to simulate hand woodblock prints.&lt;/span&gt;&lt;br&gt;&lt;font face=&quot;Rubik, sans-serif&quot;&gt;&lt;span style=&quot;font-size: 15px;&quot;&gt;&lt;br&gt;&lt;/span&gt;&lt;/font&gt;&lt;span style=&quot;font-size: 15px; font-family: Rubik, sans-serif;&quot;&gt;&amp;nbsp;&lt;b&gt;Product Care:&lt;/b&gt;&lt;/span&gt;&lt;br&gt;&lt;font face=&quot;Rubik, sans-serif&quot;&gt;&lt;span style=&quot;font-size: 15px;&quot;&gt;&lt;br&gt;&lt;/span&gt;&lt;/font&gt;&lt;span style=&quot;font-size: 15px; font-family: Rubik, sans-serif;&quot;&gt;•&amp;nbsp; &amp;nbsp; These are printed sheet and slight fed of colour expected.&lt;/span&gt;&lt;br&gt;&lt;span style=&quot;font-size: 15px; font-family: Rubik, sans-serif;&quot;&gt;•&amp;nbsp; &amp;nbsp; Wash in cold water and do not dry in direct sunlight.&lt;/span&gt;</Description><ItemID>314851424639</ItemID><ListingDetails><Adult>false</Adult><BindingAuction>false</BindingAuction><CheckoutEnabled>true</CheckoutEnabled><ConvertedBuyItNowPrice currencyID="USD">0.0</ConvertedBuyItNowPrice><ConvertedStartPrice currencyID="USD">45.0</ConvertedStartPrice><ConvertedReservePrice currencyID="USD">0.0</ConvertedReservePrice><HasReservePrice>false</HasReservePrice><StartTime>2023-09-25T20:59:41.000Z</StartTime><EndTime>2025-06-25T20:59:41.000Z</EndTime><ViewItemURL>https://www.ebay.com/itm/Indian-Hippie-Bohemian-Psychedelic-Peacock-Mandala-Wall-Hanging-Tapestry-/314851424639</ViewItemURL><HasUnansweredQuestions>false</HasUnansweredQuestions><HasPublicMessages>false</HasPublicMessages><ViewItemURLForNaturalSearch>https://www.ebay.com/itm/Indian-Hippie-Bohemian-Psychedelic-Peacock-Mandala-Wall-Hanging-Tapestry-/314851424639</ViewItemURLForNaturalSearch></ListingDetails><ListingDesigner><LayoutID>10000</LayoutID><ThemeID>10</ThemeID></ListingDesigner><ListingDuration>GTC</ListingDuration><ListingType>FixedPriceItem</ListingType><Location>Karachi</Location><PrimaryCategory><CategoryID>38237</CategoryID><CategoryName>Home &amp; Garden:Home Décor:Tapestries</CategoryName></PrimaryCategory><PrivateListing>false</PrivateListing><ProductListingDetails><BrandMPN><Brand>YourBrandName</Brand></BrandMPN><IncludeeBayProductDetails>false</IncludeeBayProductDetails></ProductListingDetails><Quantity>2</Quantity><IsItemEMSEligible>false</IsItemEMSEligible><ReservePrice currencyID="USD">0.0</ReservePrice><ReviseStatus><ItemRevised>true</ItemRevised></ReviseStatus><Seller><AboutMePage>false</AboutMePage><Email>jamaliumaircr7@gmail.com</Email><FeedbackScore>0</FeedbackScore><PositiveFeedbackPercent>0.0</PositiveFeedbackPercent><FeedbackPrivate>false</FeedbackPrivate><IDVerified>false</IDVerified><eBayGoodStanding>true</eBayGoodStanding><NewUser>false</NewUser><RegistrationDate>2023-09-07T19:18:13.000Z</RegistrationDate><Site>US</Site><Status>Confirmed</Status><UserID>chrisvong</UserID><UserIDChanged>true</UserIDChanged><UserIDLastChanged>2025-05-24T20:20:52.000Z</UserIDLastChanged><VATStatus>NoVATTax</VATStatus><SellerInfo><AllowPaymentEdit>true</AllowPaymentEdit><CheckoutEnabled>true</CheckoutEnabled><CIPBankAccountStored>false</CIPBankAccountStored><GoodStanding>true</GoodStanding><LiveAuctionAuthorized>false</LiveAuctionAuthorized><MerchandizingPref>OptIn</MerchandizingPref><QualifiesForB2BVAT>false</QualifiesForB2BVAT><StoreOwner>false</StoreOwner><SafePaymentExempt>false</SafePaymentExempt></SellerInfo><MotorsDealer>false</MotorsDealer></Seller><SellingStatus><BidCount>0</BidCount><BidIncrement currencyID="USD">0.0</BidIncrement><ConvertedCurrentPrice currencyID="USD">45.0</ConvertedCurrentPrice><CurrentPrice currencyID="USD">45.0</CurrentPrice><LeadCount>0</LeadCount><MinimumToBid currencyID="USD">45.0</MinimumToBid><QuantitySold>0</QuantitySold><ReserveMet>true</ReserveMet><SecondChanceEligible>false</SecondChanceEligible><ListingStatus>Active</ListingStatus><QuantitySoldByPickupInStore>0</QuantitySoldByPickupInStore></SellingStatus><ShippingDetails><ApplyShippingDiscount>false</ApplyShippingDiscount><CalculatedShippingRate><WeightMajor measurementSystem="English" unit="lbs">1</WeightMajor><WeightMinor measurementSystem="English" unit="oz">0</WeightMinor></CalculatedShippingRate><SalesTax><SalesTaxPercent>0.0</SalesTaxPercent><ShippingIncludedInTax>false</ShippingIncludedInTax></SalesTax><ShippingServiceOptions><ShippingService>ExpeditedShippingFromOutsideUS</ShippingService><ShippingServiceCost currencyID="USD">0.0</ShippingServiceCost><ShippingServiceAdditionalCost currencyID="USD">0.0</ShippingServiceAdditionalCost><ShippingServicePriority>1</ShippingServicePriority><ExpeditedService>false</ExpeditedService><ShippingTimeMin>1</ShippingTimeMin><ShippingTimeMax>4</ShippingTimeMax><FreeShipping>true</FreeShipping></ShippingServiceOptions><InternationalShippingServiceOption><ShippingService>UPSWorldwideSaver</ShippingService><ShippingServiceCost currencyID="USD">0.0</ShippingServiceCost><ShippingServiceAdditionalCost currencyID="USD">0.0</ShippingServiceAdditionalCost><ShippingServicePriority>1</ShippingServicePriority><ShipToLocation>Worldwide</ShipToLocation></InternationalShippingServiceOption><ShippingType>Flat</ShippingType><ThirdPartyCheckout>false</ThirdPartyCheckout><ShippingDiscountProfileID>0</ShippingDiscountProfileID><InternationalShippingDiscountProfileID>0</InternationalShippingDiscountProfileID><SellerExcludeShipToLocationsPreference>true</SellerExcludeShipToLocationsPreference></ShippingDetails><ShipToLocations>Worldwide</ShipToLocations><Site>US</Site><StartPrice currencyID="USD">45.0</StartPrice><TimeLeft>P19DT23H21M45S</TimeLeft><Title>Indian Hippie Bohemian Psychedelic Peacock Mandala Wall Hanging Tapestry</Title><WatchCount>2</WatchCount><GetItFast>false</GetItFast><BuyerResponsibleForShipping>false</BuyerResponsibleForShipping><PictureDetails><GalleryType>Gallery</GalleryType><PictureURL>https://i.ebayimg.com/00/s/NTAwWDQ5OA==/z/6koAAOSw5BFlEeb1/$_57.PNG?set_id=8800005007</PictureURL><PictureURL>https://i.ebayimg.com/00/s/NTAwWDQ5NQ==/z/tagAAOSwxwtlEeb2/$_57.PNG?set_id=8800005007</PictureURL><PictureURL>https://i.ebayimg.com/00/s/NDk4WDUwMA==/z/ewUAAOSwrwBlEeb2/$_57.JPG?set_id=8800005007</PictureURL><PictureURL>https://i.ebayimg.com/00/s/ODAwWDgwMA==/z/dMUAAOSwI~9lEedf/$_57.JPG?set_id=880000500F</PictureURL><PictureSource>EPS</PictureSource></PictureDetails><DispatchTimeMax>3</DispatchTimeMax><ProxyItem>false</ProxyItem><ItemSpecifics><NameValueList><Name>Brand</Name><Value>YourBrandName</Value><Source>ItemSpecific</Source></NameValueList><NameValueList><Name>Type</Name><Value>YourTypeName</Value><Source>ItemSpecific</Source></NameValueList><NameValueList><Name>PricingStrategyName</Name><Value>Match Lowest Price Strategy</Value><Source>ItemSpecific</Source></NameValueList><NameValueList><Name>RepricingRule</Name><Value>MATCH_LOWEST</Value><Source>ItemSpecific</Source></NameValueList><NameValueList><Name>NoCompetitionAction</Name><Value>USE_MAX_PRICE</Value><Source>ItemSpecific</Source></NameValueList><NameValueList><Name>MaxPrice</Name><Value>150</Value><Source>ItemSpecific</Source></NameValueList><NameValueList><Name>MinPrice</Name><Value>50</Value><Source>ItemSpecific</Source></NameValueList><NameValueList><Name>IsPricingStrategy</Name><Value>true</Value><Source>ItemSpecific</Source></NameValueList><NameValueList><Name>CompetitorRuleName</Name><Value>This one is edited</Value><Source>ItemSpecific</Source></NameValueList><NameValueList><Name>ExcludeCountries</Name><Value>China;India</Value><Source>ItemSpecific</Source></NameValueList><NameValueList><Name>ExcludeConditions</Name><Value>Used;Open box</Value><Source>ItemSpecific</Source></NameValueList><NameValueList><Name>ExcludeProductTitleWords</Name><Value>damaged;used</Value><Source>ItemSpecific</Source></NameValueList><NameValueList><Name>ExcludeSellers</Name><Value>bad_seller</Value><Source>ItemSpecific</Source></NameValueList><NameValueList><Name>CompetitorRuleCreatedAt</Name><Value>2025-06-03T19:58:39.964Z</Value><Source>ItemSpecific</Source></NameValueList><NameValueList><Name>FindCompetitorsBasedOnMPN</Name><Value>true</Value><Source>ItemSpecific</Source></NameValueList><NameValueList><Name>MinPercentOfCurrentPrice</Name><Value>20</Value><Source>ItemSpecific</Source></NameValueList><NameValueList><Name>MaxPercentOfCurrentPrice</Name><Value>40</Value><Source>ItemSpecific</Source></NameValueList></ItemSpecifics><BuyerGuaranteePrice currencyID="USD">20000.0</BuyerGuaranteePrice><IntangibleItem>false</IntangibleItem><ReturnPolicy><ReturnsAcceptedOption>ReturnsNotAccepted</ReturnsAcceptedOption><ReturnsAccepted>No returns accepted</ReturnsAccepted></ReturnPolicy><Variations><Variation><SKU>POR-CAP-WAP080-BLK_Me</SKU><StartPrice currencyID="USD">45.0</StartPrice><Quantity>1</Quantity><VariationSpecifics><NameValueList><Name>Size</Name><Value>Medium ( 60&quot; X 60&quot; Inches )</Value></NameValueList></VariationSpecifics><SellingStatus><QuantitySold>0</QuantitySold><QuantitySoldByPickupInStore>0</QuantitySoldByPickupInStore></SellingStatus><VariationProductListingDetails><UPC>Does not apply</UPC></VariationProductListingDetails></Variation><Variation><SKU>POR-CAP-WAP080-BLK_La</SKU><StartPrice currencyID="USD">135.0</StartPrice><Quantity>1</Quantity><VariationSpecifics><NameValueList><Name>Size</Name><Value>Large ( 79&quot; X 60&quot; Inches )</Value></NameValueList></VariationSpecifics><SellingStatus><QuantitySold>0</QuantitySold><QuantitySoldByPickupInStore>0</QuantitySoldByPickupInStore></SellingStatus><VariationProductListingDetails><UPC>Does not apply</UPC></VariationProductListingDetails></Variation><VariationSpecificsSet><NameValueList><Name>Size</Name><Value>Medium ( 60&quot; X 60&quot; Inches )</Value><Value>Large ( 79&quot; X 60&quot; Inches )</Value></NameValueList></VariationSpecificsSet></Variations><ConditionID>1000</ConditionID><ConditionDisplayName>New</ConditionDisplayName><PostCheckoutExperienceEnabled>false</PostCheckoutExperienceEnabled><SellerProfiles><SellerShippingProfile><ShippingProfileID>223145237024</ShippingProfileID><ShippingProfileName>International Shipping</ShippingProfileName></SellerShippingProfile><SellerReturnProfile><ReturnProfileID>223145092024</ReturnProfileID><ReturnProfileName>No Return Accepted (223145092024)</ReturnProfileName></SellerReturnProfile><SellerPaymentProfile><PaymentProfileID>223145093024</PaymentProfileID><PaymentProfileName>eBay Managed Payments (223145093024)</PaymentProfileName></SellerPaymentProfile></SellerProfiles><ShippingPackageDetails><PackageDepth measurementSystem="English" unit="inches">2.00</PackageDepth><PackageLength measurementSystem="English" unit="inches">10.00</PackageLength><PackageWidth measurementSystem="English" unit="inches">8.00</PackageWidth><ShippingIrregular>false</ShippingIrregular><ShippingPackage>None</ShippingPackage><WeightMajor measurementSystem="English" unit="lbs">1</WeightMajor><WeightMinor measurementSystem="English" unit="oz">0</WeightMinor></ShippingPackageDetails><HideFromSearch>false</HideFromSearch><eBayPlus>false</eBayPlus><eBayPlusEligible>false</eBayPlusEligible><IsSecureDescription>true</IsSecureDescription></Item></GetItemResponse>